name,code
Versace Dylan blue man,VD-105
Versace Eros woman,VE-33
Versace Crystal Noir,VCN-12
Versace Bright Crystal,VBC-97
Versace Eros man,VE-22
Paco Rabanne Invictus,PRI-44
Paco Rabanne One Million,PR-165
Paco Rabanne Lady Million,PR-67
212 VIP Man,VP-212
212 Sexy Man,SM-212
Gucci Absolute,GA-87
Gucci Rush,GR-54
Gucci Flora,GF-657
Gucci Flora Gorgeous Jasmine,GF-566
Dior Sauvage,DS-344
Dior Oud Ispahan,DOI-95
Dior Fahrenheit,DF-455
Miss Dior,MD-094
Dior Jadore,DJ-87
Armani Stronger with You,AR-122
Armani Stronger with You Intensely,AR-124
Armani My Way,AR-126
Armani Code Man,AR-128
Tom Ford Tuscan Leather,TF-665
Tom Ford Noir Extreme,TF-342
Tom Ford Tobacco Vanilla,TF-068
Tom Ford Oud Wood,TF-453
Baccarat Rouge 540,BR-77
JPG le male,JPG-96
JPG Ultra male,JPG-654
JPG Scandal,JPG-094
Imperial Valley Gissah,GI-554
Hudson Valley Gissah,GI-562
One and Only Gissah,GI-445
La Luna Gissah,GI-681
Straight to the Heaven by Kilian,SH-098
Smoking Hot by Kilian,SH-221
Angel Share by Kilian ,AS-553
Boss the Scent,BS-88
Hugo Green,HG-233
Kayali Vanilla Candy ,KVC-112
YSL L Homme,YSL-665
YSL Y EDP,YSL-99
YSL Libre EDP,YSL-233
CH Good Girl,CH-91
CH Men,CH-22
Lancom La Vie Est Belle,LAN-255
Victor and Rolf Flower bomb,VR-33
Gucci Oud,GO-67
Dior Gris Montaigne,DGM-454
Creed Aventus,CA-87
Creed Silver Mountain,CSM-544
D&G The One Men,DG-35
Irish Leather,IL-44
Mancera Roses Vanille,MR-78
Mancera Red Tobacco ,MR-556
Chanel Coco Mademoiselle,CCM-88
Chanel Allure Homme Sport,CAH-667
Bleu De Chanel,BDC-233
LV Ombre Nomade,LV-656
LV Imagination,LV-98
